job_id,workload_name,profile,submission_time,requested_number_of_resources,requested_time,success,final_state,starting_time,execution_time,finish_time,waiting_time,turnaround_time,stretch,allocated_resources,consumed_energy,metadata
1,w0,100,0.000000,5,148.000000,0,COMPLETED_WALLTIME_REACHED,0.000000,148.000000,148.000000,0.000000,148.000000,1.000000,0-4,-1.000000,""
2,w0,100,2.000000,4,150.000000,0,COMPLETED_WALLTIME_REACHED,2.000000,150.000000,152.000000,0.000000,150.000000,1.000000,5-8,-1.000000,""
3,w0,100,6.000000,5,147.000000,0,COMPLETED_WALLTIME_REACHED,6.000000,147.000000,153.000000,0.000000,147.000000,1.000000,9-13,-1.000000,""
4,w0,100,6.000000,4,149.000000,0,COMPLETED_WALLTIME_REACHED,148.000000,149.000000,297.000000,142.000000,291.000000,1.953020,0-3,-1.000000,""
5,w0,100,10.000000,5,147.000000,0,COMPLETED_WALLTIME_REACHED,152.000000,147.000000,299.000000,142.000000,289.000000,1.965986,4-8,-1.000000,""
6,w0,100,11.000000,4,148.000000,0,COMPLETED_WALLTIME_REACHED,153.000000,148.000000,301.000000,142.000000,290.000000,1.959459,9-12,-1.000000,""
13,w0,100,26.000000,3,146.000000,0,COMPLETED_WALLTIME_REACHED,301.000000,146.000000,447.000000,275.000000,421.000000,2.883562,12 14-15,-1.000000,""
7,w0,100,13.000000,5,151.000000,0,COMPLETED_WALLTIME_REACHED,297.000000,151.000000,448.000000,284.000000,435.000000,2.880795,0-3 13,-1.000000,""
8,w0,100,16.000000,3,149.000000,0,COMPLETED_WALLTIME_REACHED,299.000000,149.000000,448.000000,283.000000,432.000000,2.899329,4-6,-1.000000,""
9,w0,100,16.000000,5,150.000000,0,COMPLETED_WALLTIME_REACHED,301.000000,150.000000,451.000000,285.000000,435.000000,2.900000,7-11,-1.000000,""
29,w0,100,59.000000,3,147.000000,0,COMPLETED_WALLTIME_REACHED,447.000000,147.000000,594.000000,388.000000,535.000000,3.639456,12 14-15,-1.000000,""
10,w0,100,22.000000,4,147.000000,0,COMPLETED_WALLTIME_REACHED,448.000000,147.000000,595.000000,426.000000,573.000000,3.897959,0-3,-1.000000,""
11,w0,100,22.000000,4,149.000000,0,COMPLETED_WALLTIME_REACHED,448.000000,149.000000,597.000000,426.000000,575.000000,3.859060,4-6 13,-1.000000,""
12,w0,100,23.000000,5,150.000000,0,COMPLETED_WALLTIME_REACHED,451.000000,150.000000,601.000000,428.000000,578.000000,3.853333,7-11,-1.000000,""
14,w0,100,26.000000,5,150.000000,0,COMPLETED_WALLTIME_REACHED,595.000000,150.000000,745.000000,569.000000,719.000000,4.793333,0-3 12,-1.000000,""
15,w0,100,31.000000,5,151.000000,0,COMPLETED_WALLTIME_REACHED,597.000000,151.000000,748.000000,566.000000,717.000000,4.748344,4-6 13-14,-1.000000,""
16,w0,100,32.000000,4,152.000000,0,COMPLETED_WALLTIME_REACHED,601.000000,152.000000,753.000000,569.000000,721.000000,4.743421,7-10,-1.000000,""
17,w0,100,33.000000,5,151.000000,0,COMPLETED_WALLTIME_REACHED,745.000000,151.000000,896.000000,712.000000,863.000000,5.715232,0-3 11,-1.000000,""
18,w0,100,41.000000,6,150.000000,0,COMPLETED_WALLTIME_REACHED,748.000000,150.000000,898.000000,707.000000,857.000000,5.713333,4-6 12-14,-1.000000,""
19,w0,100,42.000000,5,150.000000,0,COMPLETED_WALLTIME_REACHED,753.000000,150.000000,903.000000,711.000000,861.000000,5.740000,7-10 15,-1.000000,""
20,w0,100,46.000000,4,148.000000,0,COMPLETED_WALLTIME_REACHED,896.000000,148.000000,1044.000000,850.000000,998.000000,6.743243,0-3,-1.000000,""
21,w0,100,47.000000,5,150.000000,0,COMPLETED_WALLTIME_REACHED,898.000000,150.000000,1048.000000,851.000000,1001.000000,6.673333,4-6 11-12,-1.000000,""
22,w0,100,50.000000,6,148.000000,0,COMPLETED_WALLTIME_REACHED,903.000000,148.000000,1051.000000,853.000000,1001.000000,6.763514,7-10 13-14,-1.000000,""
23,w0,100,51.000000,6,147.000000,0,COMPLETED_WALLTIME_REACHED,1048.000000,147.000000,1195.000000,997.000000,1144.000000,7.782313,0-5,-1.000000,""
24,w0,100,53.000000,4,151.000000,0,COMPLETED_WALLTIME_REACHED,1048.000000,151.000000,1199.000000,995.000000,1146.000000,7.589404,6 11-12 15,-1.000000,""
25,w0,100,54.000000,5,149.000000,0,COMPLETED_WALLTIME_REACHED,1051.000000,149.000000,1200.000000,997.000000,1146.000000,7.691275,7-10 13,-1.000000,""
26,w0,100,56.000000,4,150.000000,0,COMPLETED_WALLTIME_REACHED,1195.000000,150.000000,1345.000000,1139.000000,1289.000000,8.593333,0-3,-1.000000,""
27,w0,100,57.000000,5,149.000000,0,COMPLETED_WALLTIME_REACHED,1199.000000,149.000000,1348.000000,1142.000000,1291.000000,8.664430,4-6 11-12,-1.000000,""
28,w0,100,58.000000,6,151.000000,0,COMPLETED_WALLTIME_REACHED,1200.000000,151.000000,1351.000000,1142.000000,1293.000000,8.562914,7-10 13-14,-1.000000,""
30,w0,100,59.000000,5,148.000000,0,COMPLETED_WALLTIME_REACHED,1345.000000,148.000000,1493.000000,1286.000000,1434.000000,9.689189,0-3 15,-1.000000,""
31,w0,100,62.000000,4,151.000000,0,COMPLETED_WALLTIME_REACHED,1348.000000,151.000000,1499.000000,1286.000000,1437.000000,9.516556,4-6 11,-1.000000,""
32,w0,100,63.000000,6,148.000000,0,COMPLETED_WALLTIME_REACHED,1351.000000,148.000000,1499.000000,1288.000000,1436.000000,9.702703,7-10 12-13,-1.000000,""
33,w0,100,64.000000,6,150.000000,0,COMPLETED_WALLTIME_REACHED,1493.000000,150.000000,1643.000000,1429.000000,1579.000000,10.526667,0-3 14-15,-1.000000,""
34,w0,100,67.000000,3,148.000000,0,COMPLETED_WALLTIME_REACHED,1499.000000,148.000000,1647.000000,1432.000000,1580.000000,10.675676,4-6,-1.000000,""
36,w0,100,72.000000,3,149.000000,0,COMPLETED_WALLTIME_REACHED,1499.000000,149.000000,1648.000000,1427.000000,1576.000000,10.577181,10-12,-1.000000,""
35,w0,100,67.000000,3,151.000000,0,COMPLETED_WALLTIME_REACHED,1499.000000,151.000000,1650.000000,1432.000000,1583.000000,10.483444,7-9,-1.000000,""
37,w0,100,75.000000,5,150.000000,0,COMPLETED_WALLTIME_REACHED,1643.000000,150.000000,1793.000000,1568.000000,1718.000000,11.453333,0-3 13,-1.000000,""
38,w0,100,76.000000,5,149.000000,0,COMPLETED_WALLTIME_REACHED,1647.000000,149.000000,1796.000000,1571.000000,1720.000000,11.543624,4-6 14-15,-1.000000,""
39,w0,100,78.000000,4,148.000000,0,COMPLETED_WALLTIME_REACHED,1650.000000,148.000000,1798.000000,1572.000000,1720.000000,11.621622,7-10,-1.000000,""
40,w0,100,79.000000,5,147.000000,0,COMPLETED_WALLTIME_REACHED,1793.000000,147.000000,1940.000000,1714.000000,1861.000000,12.659864,0-3 11,-1.000000,""
41,w0,100,81.000000,5,152.000000,0,COMPLETED_WALLTIME_REACHED,1796.000000,152.000000,1948.000000,1715.000000,1867.000000,12.282895,4-6 12-13,-1.000000,""
42,w0,100,82.000000,5,151.000000,0,COMPLETED_WALLTIME_REACHED,1798.000000,151.000000,1949.000000,1716.000000,1867.000000,12.364238,7-10 14,-1.000000,""
43,w0,100,86.000000,6,149.000000,0,COMPLETED_WALLTIME_REACHED,1940.000000,149.000000,2089.000000,1854.000000,2003.000000,13.442953,0-3 11 15,-1.000000,""
44,w0,100,88.000000,6,150.000000,0,COMPLETED_WALLTIME_REACHED,1949.000000,150.000000,2099.000000,1861.000000,2011.000000,13.406667,4-9,-1.000000,""
45,w0,100,92.000000,4,152.000000,0,COMPLETED_WALLTIME_REACHED,1949.000000,152.000000,2101.000000,1857.000000,2009.000000,13.217105,10 12-14,-1.000000,""
46,w0,100,94.000000,5,148.000000,0,COMPLETED_WALLTIME_REACHED,2089.000000,148.000000,2237.000000,1995.000000,2143.000000,14.479730,0-3 11,-1.000000,""
47,w0,100,94.000000,5,149.000000,0,COMPLETED_WALLTIME_REACHED,2099.000000,149.000000,2248.000000,2005.000000,2154.000000,14.456376,4-8,-1.000000,""
48,w0,100,96.000000,4,153.000000,0,COMPLETED_WALLTIME_REACHED,2101.000000,153.000000,2254.000000,2005.000000,2158.000000,14.104575,9-10 12-13,-1.000000,""
49,w0,100,96.000000,3,149.000000,0,COMPLETED_WALLTIME_REACHED,2237.000000,149.000000,2386.000000,2141.000000,2290.000000,15.369128,0-2,-1.000000,""
50,w0,100,98.000000,3,150.000000,0,COMPLETED_WALLTIME_REACHED,2237.000000,150.000000,2387.000000,2139.000000,2289.000000,15.260000,3 11 14,-1.000000,""
51,w0,100,101.000000,3,149.000000,0,COMPLETED_WALLTIME_REACHED,2248.000000,149.000000,2397.000000,2147.000000,2296.000000,15.409396,4-6,-1.000000,""
52,w0,100,101.000000,4,149.000000,0,COMPLETED_WALLTIME_REACHED,2254.000000,149.000000,2403.000000,2153.000000,2302.000000,15.449664,7-10,-1.000000,""
53,w0,100,101.000000,5,148.000000,0,COMPLETED_WALLTIME_REACHED,2386.000000,148.000000,2534.000000,2285.000000,2433.000000,16.439189,0-2 12-13,-1.000000,""
54,w0,100,104.000000,5,148.000000,0,COMPLETED_WALLTIME_REACHED,2397.000000,148.000000,2545.000000,2293.000000,2441.000000,16.493243,3-6 11,-1.000000,""
55,w0,100,105.000000,4,153.000000,0,COMPLETED_WALLTIME_REACHED,2403.000000,153.000000,2556.000000,2298.000000,2451.000000,16.019608,7-10,-1.000000,""
69,w0,100,134.000000,3,150.000000,0,COMPLETED_WALLTIME_REACHED,2534.000000,150.000000,2684.000000,2400.000000,2550.000000,17.000000,13-15,-1.000000,""
56,w0,100,106.000000,4,151.000000,0,COMPLETED_WALLTIME_REACHED,2534.000000,151.000000,2685.000000,2428.000000,2579.000000,17.079470,0-2 12,-1.000000,""
57,w0,100,106.000000,4,153.000000,0,COMPLETED_WALLTIME_REACHED,2545.000000,153.000000,2698.000000,2439.000000,2592.000000,16.941176,3-6,-1.000000,""
58,w0,100,108.000000,6,151.000000,0,COMPLETED_WALLTIME_REACHED,2684.000000,151.000000,2835.000000,2576.000000,2727.000000,18.059603,7-11 13,-1.000000,""
59,w0,100,114.000000,4,150.000000,0,COMPLETED_WALLTIME_REACHED,2685.000000,150.000000,2835.000000,2571.000000,2721.000000,18.140000,0-2 12,-1.000000,""
60,w0,100,115.000000,4,150.000000,0,COMPLETED_WALLTIME_REACHED,2698.000000,150.000000,2848.000000,2583.000000,2733.000000,18.220000,3-6,-1.000000,""
62,w0,100,117.000000,4,144.000000,0,COMPLETED_WALLTIME_REACHED,2835.000000,144.000000,2979.000000,2718.000000,2862.000000,19.875000,9-12,-1.000000,""
61,w0,100,115.000000,5,154.000000,0,COMPLETED_WALLTIME_REACHED,2835.000000,154.000000,2989.000000,2720.000000,2874.000000,18.662338,0-2 7-8,-1.000000,""
63,w0,100,120.000000,5,153.000000,0,COMPLETED_WALLTIME_REACHED,2848.000000,153.000000,3001.000000,2728.000000,2881.000000,18.830065,3-6 13,-1.000000,""
65,w0,100,131.000000,4,150.000000,0,COMPLETED_WALLTIME_REACHED,2979.000000,150.000000,3129.000000,2848.000000,2998.000000,19.986667,11-12 14-15,-1.000000,""
64,w0,100,125.000000,7,147.000000,0,COMPLETED_WALLTIME_REACHED,2989.000000,147.000000,3136.000000,2864.000000,3011.000000,20.482993,0-2 7-10,-1.000000,""
66,w0,100,131.000000,5,150.000000,0,COMPLETED_WALLTIME_REACHED,3001.000000,150.000000,3151.000000,2870.000000,3020.000000,20.133333,3-6 13,-1.000000,""
71,w0,100,142.000000,3,151.000000,0,COMPLETED_WALLTIME_REACHED,3129.000000,151.000000,3280.000000,2987.000000,3138.000000,20.781457,11-12 14,-1.000000,""
67,w0,100,134.000000,5,152.000000,0,COMPLETED_WALLTIME_REACHED,3136.000000,152.000000,3288.000000,3002.000000,3154.000000,20.750000,0-2 7-8,-1.000000,""
68,w0,100,134.000000,5,148.000000,0,COMPLETED_WALLTIME_REACHED,3151.000000,148.000000,3299.000000,3017.000000,3165.000000,21.385135,3-6 9,-1.000000,""
70,w0,100,139.000000,5,147.000000,0,COMPLETED_WALLTIME_REACHED,3280.000000,147.000000,3427.000000,3141.000000,3288.000000,22.367347,10-14,-1.000000,""
72,w0,100,144.000000,5,151.000000,0,COMPLETED_WALLTIME_REACHED,3288.000000,151.000000,3439.000000,3144.000000,3295.000000,21.821192,0-2 7-8,-1.000000,""
73,w0,100,145.000000,4,151.000000,0,COMPLETED_WALLTIME_REACHED,3299.000000,151.000000,3450.000000,3154.000000,3305.000000,21.887417,3-6,-1.000000,""
83,w0,100,161.000000,3,150.000000,0,COMPLETED_WALLTIME_REACHED,3427.000000,150.000000,3577.000000,3266.000000,3416.000000,22.773333,13-15,-1.000000,""
74,w0,100,146.000000,4,151.000000,0,COMPLETED_WALLTIME_REACHED,3427.000000,151.000000,3578.000000,3281.000000,3432.000000,22.728477,9-12,-1.000000,""
75,w0,100,147.000000,4,151.000000,0,COMPLETED_WALLTIME_REACHED,3439.000000,151.000000,3590.000000,3292.000000,3443.000000,22.801325,0-2 7,-1.000000,""
77,w0,100,150.000000,5,150.000000,0,COMPLETED_WALLTIME_REACHED,3578.000000,150.000000,3728.000000,3428.000000,3578.000000,23.853333,9-12 14,-1.000000,""
76,w0,100,147.000000,6,155.000000,0,COMPLETED_WALLTIME_REACHED,3577.000000,155.000000,3732.000000,3430.000000,3585.000000,23.129032,3-6 8 13,-1.000000,""
81,w0,100,159.000000,4,147.000000,0,COMPLETED_WALLTIME_REACHED,3728.000000,147.000000,3875.000000,3569.000000,3716.000000,25.278912,11-12 14-15,-1.000000,""
78,w0,100,156.000000,6,150.000000,0,COMPLETED_WALLTIME_REACHED,3728.000000,150.000000,3878.000000,3572.000000,3722.000000,24.813333,0-2 7 9-10,-1.000000,""
79,w0,100,156.000000,5,150.000000,0,COMPLETED_WALLTIME_REACHED,3732.000000,150.000000,3882.000000,3576.000000,3726.000000,24.840000,3-6 8,-1.000000,""
80,w0,100,157.000000,5,148.000000,0,COMPLETED_WALLTIME_REACHED,3875.000000,148.000000,4023.000000,3718.000000,3866.000000,26.121622,11-15,-1.000000,""
82,w0,100,161.000000,4,149.000000,0,COMPLETED_WALLTIME_REACHED,3878.000000,149.000000,4027.000000,3717.000000,3866.000000,25.946309,0-2 7,-1.000000,""
84,w0,100,162.000000,3,151.000000,0,COMPLETED_WALLTIME_REACHED,3882.000000,151.000000,4033.000000,3720.000000,3871.000000,25.635762,3-5,-1.000000,""
85,w0,100,164.000000,5,150.000000,0,COMPLETED_WALLTIME_REACHED,4023.000000,150.000000,4173.000000,3859.000000,4009.000000,26.726667,6 8-11,-1.000000,""
86,w0,100,167.000000,3,151.000000,0,COMPLETED_WALLTIME_REACHED,4023.000000,151.000000,4174.000000,3856.000000,4007.000000,26.536424,12-14,-1.000000,""
87,w0,100,167.000000,3,152.000000,0,COMPLETED_WALLTIME_REACHED,4027.000000,152.000000,4179.000000,3860.000000,4012.000000,26.394737,0-2,-1.000000,""
88,w0,100,167.000000,4,147.000000,0,COMPLETED_WALLTIME_REACHED,4033.000000,147.000000,4180.000000,3866.000000,4013.000000,27.299320,3-5 7,-1.000000,""
89,w0,100,175.000000,3,150.000000,0,COMPLETED_WALLTIME_REACHED,4173.000000,150.000000,4323.000000,3998.000000,4148.000000,27.653333,6 8-9,-1.000000,""
90,w0,100,176.000000,5,149.000000,0,COMPLETED_WALLTIME_REACHED,4174.000000,149.000000,4323.000000,3998.000000,4147.000000,27.832215,10-14,-1.000000,""
91,w0,100,178.000000,4,151.000000,0,COMPLETED_WALLTIME_REACHED,4179.000000,151.000000,4330.000000,4001.000000,4152.000000,27.496689,0-2 15,-1.000000,""
93,w0,100,180.000000,6,147.000000,0,COMPLETED_WALLTIME_REACHED,4323.000000,147.000000,4470.000000,4143.000000,4290.000000,29.183673,8-13,-1.000000,""
92,w0,100,179.000000,5,150.000000,0,COMPLETED_WALLTIME_REACHED,4323.000000,150.000000,4473.000000,4144.000000,4294.000000,28.626667,3-7,-1.000000,""
94,w0,100,180.000000,4,152.000000,0,COMPLETED_WALLTIME_REACHED,4330.000000,152.000000,4482.000000,4150.000000,4302.000000,28.302632,0-2 14,-1.000000,""
95,w0,100,185.000000,5,148.000000,0,COMPLETED_WALLTIME_REACHED,4470.000000,148.000000,4618.000000,4285.000000,4433.000000,29.952703,8-12,-1.000000,""
96,w0,100,191.000000,4,146.000000,0,COMPLETED_WALLTIME_REACHED,4473.000000,146.000000,4619.000000,4282.000000,4428.000000,30.328767,3-6,-1.000000,""
97,w0,100,192.000000,7,154.000000,0,COMPLETED_WALLTIME_REACHED,4482.000000,154.000000,4636.000000,4290.000000,4444.000000,28.857143,0-2 7 13-15,-1.000000,""
98,w0,100,193.000000,4,150.000000,0,COMPLETED_WALLTIME_REACHED,4618.000000,150.000000,4768.000000,4425.000000,4575.000000,30.500000,8-11,-1.000000,""
99,w0,100,195.000000,5,149.000000,0,COMPLETED_WALLTIME_REACHED,4619.000000,149.000000,4768.000000,4424.000000,4573.000000,30.691275,3-6 12,-1.000000,""
100,w0,100,197.000000,5,153.000000,0,COMPLETED_WALLTIME_REACHED,4636.000000,153.000000,4789.000000,4439.000000,4592.000000,30.013072,0-2 7 13,-1.000000,""
